AGE,STUDENT,DEPARTMENT,RESULT
18,SEEF,A,5.215007689
20,DFSFS,B,6.161832778
19,SFSD,D,8.301800559
20,XC,A,6.889414286
21,VESF,A,8.393946287
18,QWED,C,5.460919998
19,SDDV,B,9.208346107
18,SGDB,A,6.419625309
20,BGBD,D,8.987261911
22,FVZDFV,B,6.580631285
21,VWVDV,A,6.497458764
22,VSDV,D,9.184521232
18,SVSVS,B,8.290301401
20,DSVS,A,5.07668177
21,SDVDF,B,9.125898674
19,SDVSV,C,5.338948127
20,SVSVS,C,7.56029968
21,SDVSDVDS,D,8.671263468
19,DSSDV,B,8.60059848
